Company Name,Company Mailing Address,Company Mailing City,Company Mailing State,Company Mailing ZIP
Cava Companies,"2405 Westwood Ave, Suite 200",Richmond,VA,23230
Atlas Property investors,266 Ridgewood Rd,Jackson,MS,39216
Phil Buys Houses Fast,4000 US-130,Delran,NJ,08075
Easy Sell Property Solutions,"248 Route 25A, Suite 2012",East Setauket,NY,11733
Sell Now Wisconsin,"12605 W North Ave, Box 201",Brookfield,WI,53005
LVN Real Estate,619 12th St #353,Golden,CO,80401
Obi Buys,3077 Plymouth St,Jacksonville,FL,32205
TN HomeBuyers,PO Box 695,Nashville,TN,37116
BBPOCO,6050 Stetson Hills Blvd,Colorado Springs,CO,80923
MaxReturns,"248 Route 25A, Suite 2012",East Setauket,NY,11733
BBPOFL,6815 Biscayne Blvd #103-417,Miami,FL,33138
Sell Quick Tampa,2541 N Dale Mabry Hwy #216,Tampa,FL,33607
Property Spot,1450 N Mack Smith Rd,Chattanooga,TN,37412